timestamp,score
2025-01-02 04:48:00,0.43253237367937725
2025-01-02 04:49:00,0.4229021579863251
2025-01-02 04:50:00,0.4216235192479111
2025-01-02 04:51:00,0.42341081392626023
2025-01-02 04:52:00,0.4275783800735937
2025-01-02 04:53:00,0.41109146234975724
2025-01-02 04:54:00,0.4157764919767868
2025-01-02 04:55:00,0.41463580506468933
2025-01-02 04:56:00,0.4372293984304533
2025-01-02 04:57:00,0.4428210986379376
2025-01-02 04:58:00,0.508313165112725
2025-01-02 04:59:00,0.5275321793648764
2025-01-02 05:00:00,0.5323835350776466
2025-01-02 05:01:00,0.5061527616346124
2025-01-02 05:02:00,0.49410193934170993
2025-01-02 05:03:00,0.4854092227207412
2025-01-02 05:04:00,0.501784154906778
2025-01-02 05:05:00,0.5009244398800384
2025-01-02 05:06:00,0.4819533148792518
2025-01-02 05:07:00,0.4809246435101941
2025-01-02 05:08:00,0.4880014602437709
2025-01-02 05:09:00,0.4933003767926354
2025-01-02 05:10:00,0.4944503108299279
2025-01-02 05:11:00,0.4708555144748767
2025-01-02 05:12:00,0.4676114747697249
2025-01-02 05:13:00,0.42703585194542365
2025-01-02 05:14:00,0.41424462200558526
2025-01-02 05:15:00,0.42117905043601084
2025-01-02 05:16:00,0.4666974887959044
2025-01-02 05:17:00,0.47340840850767935
2025-01-02 05:18:00,0.4544180085314518
2025-01-02 05:19:00,0.4189680375396145
2025-01-02 05:20:00,0.4272080641219804
2025-01-02 05:21:00,0.4220567671373661
2025-01-02 05:22:00,0.41579723122949747
2025-01-02 05:23:00,0.41489667356378906
2025-01-02 05:24:00,0.4121954112783684
2025-01-02 05:25:00,0.4104378560454601
2025-01-02 05:26:00,0.4038548008203858
2025-01-02 05:27:00,0.4061893037452116
2025-01-02 05:28:00,0.40842969458142286
2025-01-02 05:29:00,0.44052323686644373
2025-01-02 05:30:00,0.43678067509726354
2025-01-02 05:31:00,0.44081578589677717
2025-01-02 05:32:00,0.4276539726188069
2025-01-02 05:33:00,0.44771403169988294
2025-01-02 05:34:00,0.4508752058378883
2025-01-02 05:35:00,0.48117730071634196
2025-01-02 05:36:00,0.4798535914350195
2025-01-02 05:37:00,0.4987396526643399
2025-01-02 05:38:00,0.5069910439023447
2025-01-02 05:39:00,0.508246626076651
2025-01-02 05:40:00,0.48975232644227706
2025-01-02 05:41:00,0.49239881532071667
2025-01-02 05:42:00,0.4972361665602936
2025-01-02 05:43:00,0.5020151615407062
2025-01-02 05:44:00,0.43021598525151455
2025-01-02 05:45:00,0.44721944008475073
2025-01-02 05:46:00,0.4572719732477583
2025-01-02 05:47:00,0.44690656677562973
2025-01-02 05:48:00,0.4335927336673529
2025-01-02 05:49:00,0.43973014672069244
2025-01-02 05:50:00,0.4842614236079831
2025-01-02 05:51:00,0.4992869892132623
2025-01-02 05:52:00,0.4976626549235595
2025-01-02 05:53:00,0.5039048841217735
2025-01-02 05:54:00,0.48791642342762626
2025-01-02 05:55:00,0.4808892493387966
2025-01-02 05:56:00,0.4756956405098169
2025-01-02 05:57:00,0.4516938283967983
2025-01-02 05:58:00,0.467962308499148
2025-01-02 05:59:00,0.4682740445208218
2025-01-02 06:00:00,0.49666816486710047
2025-01-02 06:01:00,0.4829687584742952
2025-01-02 06:02:00,0.4749765701206455
2025-01-02 06:03:00,0.46187256253924064
2025-01-02 06:04:00,0.4771777760482744
2025-01-02 06:05:00,0.4567086782458613
2025-01-02 06:06:00,0.44538854242332643
2025-01-02 06:07:00,0.44611681226124583
2025-01-02 06:08:00,0.43867024085611783
2025-01-02 06:09:00,0.45411093517454815
2025-01-02 06:10:00,0.415058006561548
2025-01-02 06:11:00,0.40802283104992154
2025-01-02 06:12:00,0.40814788223235726
2025-01-02 06:13:00,0.40811163417333984
2025-01-02 06:14:00,0.4096004269347411
2025-01-02 06:15:00,0.4423670075840572
2025-01-02 06:16:00,0.4296164279678991
2025-01-02 06:17:00,0.43273097340209743
2025-01-02 06:18:00,0.41995384334958663
2025-01-02 06:19:00,0.42205281947028606
2025-01-02 06:20:00,0.41810114011987753
2025-01-02 06:21:00,0.43218575231231493
2025-01-02 06:22:00,0.42078774492033816
2025-01-02 06:23:00,0.42644533715941624
2025-01-02 06:24:00,0.42123169975054797
2025-01-02 06:25:00,0.4406672944781653
2025-01-02 06:26:00,0.4602754899148713
2025-01-02 06:27:00,0.4457142590370939
2025-01-02 06:28:00,0.4391257790669183
2025-01-02 06:29:00,0.43341154331001236
2025-01-02 06:30:00,0.44180822781872764
2025-01-02 06:31:00,0.4409976590893757
2025-01-02 06:32:00,0.42099406507103915
2025-01-02 06:33:00,0.42614737791367074
2025-01-02 06:34:00,0.42516014291387383
2025-01-02 06:35:00,0.4374005499716756
2025-01-02 06:36:00,0.43827508428333767
2025-01-02 06:37:00,0.45812192343483593
2025-01-02 06:38:00,0.45067156237400396
2025-01-02 06:39:00,0.45423764675475964
2025-01-02 06:40:00,0.4311562084893131
2025-01-02 06:41:00,0.43688222091787066
2025-01-02 06:42:00,0.43877284257055515
2025-01-02 06:43:00,0.4238440572605486
2025-01-02 06:44:00,0.43313559591127315
2025-01-02 06:45:00,0.4242701043556397
2025-01-02 06:46:00,0.4367403845514258
2025-01-02 06:47:00,0.4340635697888536
2025-01-02 06:48:00,0.4126934388557785
2025-01-02 06:49:00,0.41345235060157814
2025-01-02 06:50:00,0.40699644378593985
2025-01-02 06:51:00,0.4125307199029748
2025-01-02 06:52:00,0.4102750803909802
2025-01-02 06:53:00,0.43682729561577704
2025-01-02 06:54:00,0.43721916733155375
2025-01-02 06:55:00,0.41082751205965795
2025-01-02 06:56:00,0.40677083665408614
2025-01-02 06:57:00,0.4118900727317524
2025-01-02 06:58:00,0.4145774483540983
2025-01-02 06:59:00,0.41190836910911904
2025-01-02 07:00:00,0.426606870802842
2025-01-02 07:01:00,0.42007409585261696
2025-01-02 07:02:00,0.42748002090085707
2025-01-02 07:03:00,0.43640509944651873
2025-01-02 07:04:00,0.4314710922124756
2025-01-02 07:05:00,0.4350388171757728
2025-01-02 07:06:00,0.43509658112784466
2025-01-02 07:07:00,0.45151602276514646
2025-01-02 07:08:00,0.4795336169603083
2025-01-02 07:09:00,0.4516239701616159
2025-01-02 07:10:00,0.4506376664068775
2025-01-02 07:11:00,0.4484869074810263
2025-01-02 07:12:00,0.4515296777874049
2025-01-02 07:13:00,0.4317985224150759
2025-01-02 07:14:00,0.43335306901365694
2025-01-02 07:15:00,0.43198882416292933
2025-01-02 07:16:00,0.41825206871361853
2025-01-02 07:17:00,0.41864439540881065
2025-01-02 07:18:00,0.4235104115800071
2025-01-02 07:19:00,0.4202455646574154
2025-01-02 07:20:00,0.4210121544102944
2025-01-02 07:21:00,0.4677900757407001
2025-01-02 07:22:00,0.4548982709452446
2025-01-02 07:23:00,0.45974932100853877
2025-01-02 07:24:00,0.4426704734533406
2025-01-02 07:25:00,0.43752268602326666
2025-01-02 07:26:00,0.4537705692712613
2025-01-02 07:27:00,0.4547076890595104
2025-01-02 07:28:00,0.4600263865424046
2025-01-02 07:29:00,0.471833232621603
2025-01-02 07:30:00,0.5177891153988365
2025-01-02 07:31:00,0.556467562750957
2025-01-02 07:32:00,0.5425081225851554
2025-01-02 07:33:00,0.5362314236792945
2025-01-02 07:34:00,0.5336997920093556
2025-01-02 07:35:00,0.532885035164352
2025-01-02 07:36:00,0.48286918412536484
2025-01-02 07:37:00,0.4869020173680193
2025-01-02 07:38:00,0.4735159913651067
2025-01-02 07:39:00,0.45315821758790314
2025-01-02 07:40:00,0.4441933896002139
2025-01-02 07:41:00,0.4384527408174491
2025-01-02 07:42:00,0.43481431170123386
2025-01-02 07:43:00,0.4369575047553645
2025-01-02 07:44:00,0.4327741471417609
2025-01-02 07:45:00,0.43913167459706326
2025-01-02 07:46:00,0.46170460448569106
2025-01-02 07:47:00,0.461235659511291
2025-01-02 07:48:00,0.4601035039791103
2025-01-02 07:49:00,0.4335693137892714
2025-01-02 07:50:00,0.4355291344044061
2025-01-02 07:51:00,0.4893994019283456
2025-01-02 07:52:00,0.4836255604850635
2025-01-02 07:53:00,0.46028704796124675
2025-01-02 07:54:00,0.4655121915521671
2025-01-02 07:55:00,0.48889181981616975
2025-01-02 07:56:00,0.4797167609818375
2025-01-02 07:57:00,0.483908611125552
2025-01-02 07:58:00,0.4829879344825349
2025-01-02 07:59:00,0.4858904336765917
2025-01-02 08:00:00,0.4830149725921332
2025-01-02 08:01:00,0.47599198438091217
2025-01-02 08:02:00,0.48046109085452793
2025-01-02 08:03:00,0.45279754866055877
2025-01-02 08:04:00,0.47142556219790205
2025-01-02 08:05:00,0.48030440147943165
2025-01-02 08:06:00,0.5535475537505045
2025-01-02 08:07:00,0.577997425922279
2025-01-02 08:08:00,0.5609124754032316
2025-01-02 08:09:00,0.5829171453968884
2025-01-02 08:10:00,0.5799897562972529
2025-01-02 08:11:00,0.5839853714404314
2025-01-02 08:12:00,0.6107619976501457
2025-01-02 08:13:00,0.5715452320922525
2025-01-02 08:14:00,0.5438639437205038
2025-01-02 08:15:00,0.46473853035258106
2025-01-02 08:16:00,0.44490210242483
2025-01-02 08:17:00,0.4323654559331366
2025-01-02 08:18:00,0.43316905011674495
2025-01-02 08:19:00,0.4392577906173665
2025-01-02 08:20:00,0.4294717760438983
2025-01-02 08:21:00,0.4257535576600133
2025-01-02 08:22:00,0.42367484566431785
2025-01-02 08:23:00,0.4251879403747379
2025-01-02 08:24:00,0.42520859037026054
2025-01-02 08:25:00,0.4275872492437376
2025-01-02 08:26:00,0.4204491084050212
2025-01-02 08:27:00,0.4213722656292552
2025-01-02 08:28:00,0.43449956227747616
2025-01-02 08:29:00,0.4510331573809903
2025-01-02 08:30:00,0.4387531047873593
2025-01-02 08:31:00,0.4195681815582924
2025-01-02 08:32:00,0.4224159611770437
2025-01-02 08:33:00,0.41851477265527104
2025-01-02 08:34:00,0.42320759185876616
2025-01-02 08:35:00,0.4224569867029617
2025-01-02 08:36:00,0.4381761128286877
2025-01-02 08:37:00,0.416983390221187
2025-01-02 08:38:00,0.41761063198851844
2025-01-02 08:39:00,0.4160388496104986
2025-01-02 08:40:00,0.41907272197072176
2025-01-02 08:41:00,0.4243526742322005
2025-01-02 08:42:00,0.42178542242275524
2025-01-02 08:43:00,0.4273499750708264
2025-01-02 08:44:00,0.44428406177719415
2025-01-02 08:45:00,0.44727676078834816
2025-01-02 08:46:00,0.44384896746431296
2025-01-02 08:47:00,0.4642047973035579
2025-01-02 08:48:00,0.4630679238592698
2025-01-02 08:49:00,0.46610901873789423
2025-01-02 08:50:00,0.46763838755957027
2025-01-02 08:51:00,0.47214012045142684
2025-01-02 08:52:00,0.47734426394032065
2025-01-02 08:53:00,0.47548762418881624
2025-01-02 08:54:00,0.44755293912158567
2025-01-02 08:55:00,0.44541638009669743
2025-01-02 08:56:00,0.4290759739137394
2025-01-02 08:57:00,0.4309228739999692
2025-01-02 08:58:00,0.42750518477402283
2025-01-02 08:59:00,0.4289682413144088
2025-01-02 09:00:00,0.4357485647142793
2025-01-02 09:01:00,0.4301363994950163
2025-01-02 09:02:00,0.43798602875364945
2025-01-02 09:03:00,0.4381920767187153
2025-01-02 09:04:00,0.43207067495507995
2025-01-02 09:05:00,0.43362100870351566
2025-01-02 09:06:00,0.4364340264301379
2025-01-02 09:07:00,0.4310251116754155
2025-01-02 09:08:00,0.4322423056726531
2025-01-02 09:09:00,0.43636467947698915
2025-01-02 09:10:00,0.43512575598686337
2025-01-02 09:11:00,0.45609120331519487
2025-01-02 09:12:00,0.46132367785226447
2025-01-02 09:13:00,0.47659388383537943
2025-01-02 09:14:00,0.4799647001141015
2025-01-02 09:15:00,0.478468490955885
2025-01-02 09:16:00,0.48052274218341096
2025-01-02 09:17:00,0.475573734737754
2025-01-02 09:18:00,0.47553699805756816
2025-01-02 09:19:00,0.45400943368623
2025-01-02 09:20:00,0.45233459435801393
2025-01-02 09:21:00,0.45754471745671854
2025-01-02 09:22:00,0.4742861848195497
2025-01-02 09:23:00,0.4923339989703372
2025-01-02 09:24:00,0.47244362441308274
2025-01-02 09:25:00,0.47114926961323855
2025-01-02 09:26:00,0.47223574856644235
2025-01-02 09:27:00,0.4543694661673376
2025-01-02 09:28:00,0.4606250189874802
2025-01-02 09:29:00,0.46349500516481684
2025-01-02 09:30:00,0.45360987924551366
2025-01-02 09:31:00,0.44577230453414085
2025-01-02 09:32:00,0.4439259497576957
2025-01-02 09:33:00,0.4387411311670128
2025-01-02 09:34:00,0.44649945759325205
2025-01-02 09:35:00,0.4401007061879491
2025-01-02 09:36:00,0.43208813412373065
2025-01-02 09:37:00,0.42436346447275847
2025-01-02 09:38:00,0.430958290707238
2025-01-02 09:39:00,0.44192318416227677
2025-01-02 09:40:00,0.44245225746438727
2025-01-02 09:41:00,0.4389046785167528
2025-01-02 09:42:00,0.4424203965278984
2025-01-02 09:43:00,0.44626470869443086
2025-01-02 09:44:00,0.4334607545022352
2025-01-02 09:45:00,0.43022663862413174
2025-01-02 09:46:00,0.4363497535296585
2025-01-02 09:47:00,0.4199276803079903
2025-01-02 09:48:00,0.42236972818047247
2025-01-02 09:49:00,0.4250427213095455
2025-01-02 09:50:00,0.4226109940354109
2025-01-02 09:51:00,0.43681303985717324
2025-01-02 09:52:00,0.43662077905292684
2025-01-02 09:53:00,0.43843552127864777
2025-01-02 09:54:00,0.43281390485182014
2025-01-02 09:55:00,0.429201951950352
2025-01-02 09:56:00,0.4343009104470091
2025-01-02 09:57:00,0.4349260367485325
2025-01-02 09:58:00,0.42877478655449325
2025-01-02 09:59:00,0.423081574458636
2025-01-02 10:00:00,0.44915111429901416
2025-01-02 10:01:00,0.44471806627074095
2025-01-02 10:02:00,0.474240490731099
2025-01-02 10:03:00,0.45775273377360487
2025-01-02 10:04:00,0.4461620532535094
2025-01-02 10:05:00,0.43713591728281403
2025-01-02 10:06:00,0.4406062887964504
2025-01-02 10:07:00,0.4373232134270263
2025-01-02 10:08:00,0.43704803685151583
2025-01-02 10:09:00,0.4409635053713269
2025-01-02 10:10:00,0.43736118153502807
2025-01-02 10:11:00,0.42919631963411664
2025-01-02 10:12:00,0.43498466992424273
2025-01-02 10:13:00,0.4573509429737739
2025-01-02 10:14:00,0.4554546415088323
2025-01-02 10:15:00,0.4676439255802864
2025-01-02 10:16:00,0.4632953539679939
2025-01-02 10:17:00,0.4677068257047035
2025-01-02 10:18:00,0.4586768401884984
2025-01-02 10:19:00,0.4423442931190082
2025-01-02 10:20:00,0.44759773476677983
2025-01-02 10:21:00,0.4433238548591711
2025-01-02 10:22:00,0.44222959098393544
2025-01-02 10:23:00,0.44506724377107754
2025-01-02 10:24:00,0.44901600050955953
2025-01-02 10:25:00,0.44585285994783164
2025-01-02 10:26:00,0.4479355954703277
2025-01-02 10:27:00,0.43489571265849214
2025-01-02 10:28:00,0.42718127865397343
2025-01-02 10:29:00,0.42406248101849187
2025-01-02 10:30:00,0.42356335318440164
2025-01-02 10:31:00,0.4145766884362712
2025-01-02 10:32:00,0.4240589414793104
2025-01-02 10:33:00,0.4162494007020799
2025-01-02 10:34:00,0.4203421041109358
2025-01-02 10:35:00,0.41881839030562146
2025-01-02 10:36:00,0.43266472203719125
2025-01-02 10:37:00,0.466972902874057
2025-01-02 10:38:00,0.455556781922984
2025-01-02 10:39:00,0.4633934641628313
2025-01-02 10:40:00,0.4403106221786271
2025-01-02 10:41:00,0.466429119109906
2025-01-02 10:42:00,0.4671839851980197
2025-01-02 10:43:00,0.47405591711952394
2025-01-02 10:44:00,0.4603202202607212
2025-01-02 10:45:00,0.4362988299321037
2025-01-02 10:46:00,0.43073056865486514
2025-01-02 10:47:00,0.4368679611981252
2025-01-02 10:48:00,0.44107407732738363
2025-01-02 10:49:00,0.4396502741424501
2025-01-02 10:50:00,0.4625014510700557
2025-01-02 10:51:00,0.4456805466892696
2025-01-02 10:52:00,0.4639092120522915
2025-01-02 10:53:00,0.4690244916562685
2025-01-02 10:54:00,0.47880198445219263
2025-01-02 10:55:00,0.48205065864382124
2025-01-02 10:56:00,0.47001410398177285
2025-01-02 10:57:00,0.4693232009104364
2025-01-02 10:58:00,0.43276670366900805
2025-01-02 10:59:00,0.43320827704070103
2025-01-02 11:00:00,0.43674774161777785
2025-01-02 11:01:00,0.4294933468383533
2025-01-02 11:02:00,0.4426095314723462
2025-01-02 11:03:00,0.45013212240845707
2025-01-02 11:04:00,0.46467715772141993
2025-01-02 11:05:00,0.465001259561811
2025-01-02 11:06:00,0.467173254474763
2025-01-02 11:07:00,0.515486554498077
2025-01-02 11:08:00,0.4788242427782998
2025-01-02 11:09:00,0.4772530219386743
2025-01-02 11:10:00,0.46089582140572943
2025-01-02 11:11:00,0.4640268339812209
2025-01-02 11:12:00,0.4625739270162287
2025-01-02 11:13:00,0.46586552715838225
2025-01-02 11:14:00,0.4930172725225592
2025-01-02 11:15:00,0.4817140348064609
2025-01-02 11:16:00,0.507333051471913
2025-01-02 11:17:00,0.5118444192458766
2025-01-02 11:18:00,0.5298761692566071
2025-01-02 11:19:00,0.5398730038354257
2025-01-02 11:20:00,0.540420903384368
2025-01-02 11:21:00,0.5359180281368154
2025-01-02 11:22:00,0.5434255542833171
2025-01-02 11:23:00,0.5280971313221824
2025-01-02 11:24:00,0.5258087207547824
2025-01-02 11:25:00,0.5201638916237119
2025-01-02 11:26:00,0.4863827873281619
2025-01-02 11:27:00,0.4799793558361367
2025-01-02 11:28:00,0.47978588164822594
2025-01-02 11:29:00,0.4722197420146459
2025-01-02 11:30:00,0.4895595651068473
2025-01-02 11:31:00,0.47801811803565974
2025-01-02 11:32:00,0.4794529536471553
2025-01-02 11:33:00,0.4748936843153825
2025-01-02 11:34:00,0.45363452275664307
2025-01-02 11:35:00,0.4531851850674014
2025-01-02 11:36:00,0.4713795768074876
2025-01-02 11:37:00,0.47288639684102846
2025-01-02 11:38:00,0.48904141615147706
2025-01-02 11:39:00,0.4670173861560215
2025-01-02 11:40:00,0.4587146043357484
2025-01-02 11:41:00,0.45427018578776474
2025-01-02 11:42:00,0.44435982233178045
2025-01-02 11:43:00,0.4409212598186961
2025-01-02 11:44:00,0.4372675589546985
2025-01-02 11:45:00,0.4455943937014143
2025-01-02 11:46:00,0.4373935856594721
2025-01-02 11:47:00,0.43906643113249927
2025-01-02 11:48:00,0.4337475180855663
2025-01-02 11:49:00,0.47020684164954946
2025-01-02 11:50:00,0.46583631440879264
2025-01-02 11:51:00,0.4569433443012047
2025-01-02 11:52:00,0.4675365877723415
2025-01-02 11:53:00,0.48119164494815747
2025-01-02 11:54:00,0.4874576283334204
2025-01-02 11:55:00,0.4988039902701399
2025-01-02 11:56:00,0.500462823948881
2025-01-02 11:57:00,0.5213656882856341
2025-01-02 11:58:00,0.5157488655331572
2025-01-02 11:59:00,0.5142471557817702
2025-01-02 12:00:00,0.49283010455623455
2025-01-02 12:01:00,0.4956538258503449
2025-01-02 12:02:00,0.48621693964299517
2025-01-02 12:03:00,0.5045570619408398
2025-01-02 12:04:00,0.4766648835780345
2025-01-02 12:05:00,0.4919403303515479
2025-01-02 12:06:00,0.48945297723004927
2025-01-02 12:07:00,0.4881570681706183
2025-01-02 12:08:00,0.4882498009049091
2025-01-02 12:09:00,0.48382403732961166
2025-01-02 12:10:00,0.47975466458259336
2025-01-02 12:11:00,0.5005512031968957
2025-01-02 12:12:00,0.5042519886894112
2025-01-02 12:13:00,0.5070652589824928
2025-01-02 12:14:00,0.48325205839888946
2025-01-02 12:15:00,0.48765842353409167
2025-01-02 12:16:00,0.48502748159491316
2025-01-02 12:17:00,0.47729473465552796
2025-01-02 12:18:00,0.46765176458292007
2025-01-02 12:19:00,0.48845448202898156
2025-01-02 12:20:00,0.4857843298709125
2025-01-02 12:21:00,0.4744057774366035
2025-01-02 12:22:00,0.46637141931030873
2025-01-02 12:23:00,0.46380607254721834
2025-01-02 12:24:00,0.4932985430409344
2025-01-02 12:25:00,0.4860508159098259
2025-01-02 12:26:00,0.4574746665529529
2025-01-02 12:27:00,0.4757714561171442
2025-01-02 12:28:00,0.48468910867331827
2025-01-02 12:29:00,0.46971913288307193
2025-01-02 12:30:00,0.4599775641348578
2025-01-02 12:31:00,0.44447307996947616
2025-01-02 12:32:00,0.4412993429247341
2025-01-02 12:33:00,0.44166565156297977
2025-01-02 12:34:00,0.4555710179260843
2025-01-02 12:35:00,0.4386999305276751
2025-01-02 12:36:00,0.4396702149891497
2025-01-02 12:37:00,0.44248295711727065
2025-01-02 12:38:00,0.44314453168519663
2025-01-02 12:39:00,0.44303570008906723
2025-01-02 12:40:00,0.4462901816195229
2025-01-02 12:41:00,0.46228742566948017
2025-01-02 12:42:00,0.468433564838649
2025-01-02 12:43:00,0.5022703197769043
2025-01-02 12:44:00,0.504435359681611
2025-01-02 12:45:00,0.49357185144509
2025-01-02 12:46:00,0.48644511072692037
2025-01-02 12:47:00,0.5013509889803178
2025-01-02 12:48:00,0.48924088514219294
2025-01-02 12:49:00,0.49258779688575693
2025-01-02 12:50:00,0.47104353749360484
2025-01-02 12:51:00,0.47029286871956516
2025-01-02 12:52:00,0.4715038844934522
2025-01-02 12:53:00,0.46465573001301824
2025-01-02 12:54:00,0.4738733403346734
2025-01-02 12:55:00,0.44177374026391686
2025-01-02 12:56:00,0.4357815619727809
2025-01-02 12:57:00,0.44734921150825485
2025-01-02 12:58:00,0.4578041765259127
2025-01-02 12:59:00,0.45723754124360205
2025-01-02 13:00:00,0.45224784722257855
2025-01-02 13:01:00,0.45664540766979916
2025-01-02 13:02:00,0.45642450921213085
2025-01-02 13:03:00,0.43790893694880867
2025-01-02 13:04:00,0.44299324766568743
2025-01-02 13:05:00,0.4463547552590883
2025-01-02 13:06:00,0.4523865530612411
2025-01-02 13:07:00,0.4540370825041369
2025-01-02 13:08:00,0.4522985181448809
2025-01-02 13:09:00,0.47294626968162123
2025-01-02 13:10:00,0.47343398077107934
2025-01-02 13:11:00,0.5119843140240303
2025-01-02 13:12:00,0.450338666084699
2025-01-02 13:13:00,0.45719363336118324
2025-01-02 13:14:00,0.45311210171460375
2025-01-02 13:15:00,0.4631505303510744
2025-01-02 13:16:00,0.4698233508279186
2025-01-02 13:17:00,0.4851084453009851
2025-01-02 13:18:00,0.47014172257769504
2025-01-02 13:19:00,0.4687161025295311
2025-01-02 13:20:00,0.47448040700723365
2025-01-02 13:21:00,0.45178037013885325
2025-01-02 13:22:00,0.45512967821253963
2025-01-02 13:23:00,0.45358457489763554
2025-01-02 13:24:00,0.4506424974417105
2025-01-02 13:25:00,0.4704325924888248
2025-01-02 13:26:00,0.46318225304025823
2025-01-02 13:27:00,0.44336022945801395
2025-01-02 13:28:00,0.4520078049297581
2025-01-02 13:29:00,0.4628929870309305
2025-01-02 13:30:00,0.44728649580844027
2025-01-02 13:31:00,0.47518549193685694
2025-01-02 13:32:00,0.4632203951468108
2025-01-02 13:33:00,0.47011928974721257
2025-01-02 13:34:00,0.4809764490094302
2025-01-02 13:35:00,0.47357058072267705
2025-01-02 13:36:00,0.47960877806300795
2025-01-02 13:37:00,0.4826786812741317
2025-01-02 13:38:00,0.4680742289901892
2025-01-02 13:39:00,0.47711164237190457
2025-01-02 13:40:00,0.4896135527092113
2025-01-02 13:41:00,0.4716622757242253
2025-01-02 13:42:00,0.4636359719450065
2025-01-02 13:43:00,0.46175703395573847
2025-01-02 13:44:00,0.44946079488361523
2025-01-02 13:45:00,0.4470918722733961
2025-01-02 13:46:00,0.4397789021355799
2025-01-02 13:47:00,0.4355441424429994
2025-01-02 13:48:00,0.43319731779660475
2025-01-02 13:49:00,0.43600166069734525
2025-01-02 13:50:00,0.45164875496648815
2025-01-02 13:51:00,0.4506609564790044
2025-01-02 13:52:00,0.44852452095525264
2025-01-02 13:53:00,0.4668795322633986
2025-01-02 13:54:00,0.4710644313174014
2025-01-02 13:55:00,0.47222315109161095
2025-01-02 13:56:00,0.4578925403194173
2025-01-02 13:57:00,0.46943680498465534
2025-01-02 13:58:00,0.4674390364232192
2025-01-02 13:59:00,0.4662581094482715
2025-01-02 14:00:00,0.4725949176807989
2025-01-02 14:01:00,0.47489429846338466
2025-01-02 14:02:00,0.48633051290517665
2025-01-02 14:03:00,0.472571431495171
2025-01-02 14:04:00,0.4714960648508494
2025-01-02 14:05:00,0.4655550673141682
2025-01-02 14:06:00,0.5125849403722532
2025-01-02 14:07:00,0.5303508627784599
2025-01-02 14:08:00,0.5326115361778236
2025-01-02 14:09:00,0.5549475980156403
2025-01-02 14:10:00,0.5134069726709561
2025-01-02 14:11:00,0.5068511381582601
2025-01-02 14:12:00,0.4828490864654814
2025-01-02 14:13:00,0.48596964773414203
2025-01-02 14:14:00,0.48866980965759604
2025-01-02 14:15:00,0.4808205175090769
2025-01-02 14:16:00,0.4910430443537033
2025-01-02 14:17:00,0.483761161537885
2025-01-02 14:18:00,0.4980366898908048
2025-01-02 14:19:00,0.4951568169873574
2025-01-02 14:20:00,0.5031149806718567
2025-01-02 14:21:00,0.4843890623544887
2025-01-02 14:22:00,0.4935378920294284
2025-01-02 14:23:00,0.5341500221127752
2025-01-02 14:24:00,0.5119906945375755
2025-01-02 14:25:00,0.5041221938583392
2025-01-02 14:26:00,0.5084874106139193
2025-01-02 14:27:00,0.5007173037796481
2025-01-02 14:28:00,0.4895414711037161
2025-01-02 14:29:00,0.4838894666017432
2025-01-02 14:30:00,0.47559406828512824
2025-01-02 14:31:00,0.44366777360255405
2025-01-02 14:32:00,0.4344056815788714
2025-01-02 14:33:00,0.4303875143804531
2025-01-02 14:34:00,0.42579215632830136
2025-01-02 14:35:00,0.4237887394318358
2025-01-02 14:36:00,0.42267045109518325
2025-01-02 14:37:00,0.4444371377107499
2025-01-02 14:38:00,0.4554621165724766
2025-01-02 14:39:00,0.4829895717167295
2025-01-02 14:40:00,0.48786005566745616
2025-01-02 14:41:00,0.499788773523522
2025-01-02 14:42:00,0.47954508582763516
2025-01-02 14:43:00,0.48237955481416445
2025-01-02 14:44:00,0.4564284606484421
2025-01-02 14:45:00,0.44852578178445146
2025-01-02 14:46:00,0.46695138374754636
2025-01-02 14:47:00,0.45425911950571135
2025-01-02 14:48:00,0.46001422592904323
2025-01-02 14:49:00,0.4852951316049327
2025-01-02 14:50:00,0.5070901829682264
2025-01-02 14:51:00,0.5466929134345357
2025-01-02 14:52:00,0.5508378661846105
2025-01-02 14:53:00,0.5442135209728085
2025-01-02 14:54:00,0.5271051463916855
2025-01-02 14:55:00,0.5329707973619853
2025-01-02 14:56:00,0.5351030363789188
2025-01-02 14:57:00,0.5096371146923668
2025-01-02 14:58:00,0.49018277307876096
2025-01-02 14:59:00,0.487079337879922
2025-01-02 15:00:00,0.48746007312562945
2025-01-02 15:01:00,0.46504720029518926
2025-01-02 15:02:00,0.48873484932295574
2025-01-02 15:03:00,0.4953526573644156
2025-01-02 15:04:00,0.49066194729155077
2025-01-02 15:05:00,0.5098357362091596
2025-01-02 15:06:00,0.4376973747398727
2025-01-02 15:07:00,0.44047538337725894
2025-01-02 15:08:00,0.4705433811068302
2025-01-02 15:09:00,0.4634009291608502
2025-01-02 15:10:00,0.4593317082549706
2025-01-02 15:11:00,0.4418395518264966
2025-01-02 15:12:00,0.4414344426924098
2025-01-02 15:13:00,0.45132245382918107
2025-01-02 15:14:00,0.4457934036944834
2025-01-02 15:15:00,0.45532483636903665
2025-01-02 15:16:00,0.44853694497696006
2025-01-02 15:17:00,0.4462684255914903
2025-01-02 15:18:00,0.46663966503669224
2025-01-02 15:19:00,0.46605271306884344
2025-01-02 15:20:00,0.4534483396871182
2025-01-02 15:21:00,0.4515661162427631
2025-01-02 15:22:00,0.4543332900585705
2025-01-02 15:23:00,0.4596393158625962
2025-01-02 15:24:00,0.45415173767669786
2025-01-02 15:25:00,0.46049334208826204
2025-01-02 15:26:00,0.46570911675449933
2025-01-02 15:27:00,0.45220676058075016
2025-01-02 15:28:00,0.449289745683668
2025-01-02 15:29:00,0.4491890579549138
2025-01-02 15:30:00,0.43434343256631464
2025-01-02 15:31:00,0.43092688293564263
2025-01-02 15:32:00,0.43467371498470464
2025-01-02 15:33:00,0.4343405980974077
2025-01-02 15:34:00,0.4254026491433279
2025-01-02 15:35:00,0.4540855407994119
2025-01-02 15:36:00,0.4534143914686116
2025-01-02 15:37:00,0.46045217457228355
2025-01-02 15:38:00,0.4801425969869829
2025-01-02 15:39:00,0.4618015976439452
2025-01-02 15:40:00,0.46634995143050817
2025-01-02 15:41:00,0.4386040006198489
2025-01-02 15:42:00,0.44562811525527574
2025-01-02 15:43:00,0.44307548418634396
2025-01-02 15:44:00,0.4454018411299337
2025-01-02 15:45:00,0.44472078837275075
2025-01-02 15:46:00,0.4556768877456848
2025-01-02 15:47:00,0.46573641631270035
2025-01-02 15:48:00,0.4745814998516303
2025-01-02 15:49:00,0.4759395027654448
2025-01-02 15:50:00,0.4677982123311043
2025-01-02 15:51:00,0.48484638292828836
2025-01-02 15:52:00,0.47437697582480814
2025-01-02 15:53:00,0.4666779777813563
2025-01-02 15:54:00,0.482152155212147
2025-01-02 15:55:00,0.4814660793390918
2025-01-02 15:56:00,0.4979044692925655
2025-01-02 15:57:00,0.4737091191976766
2025-01-02 15:58:00,0.48520998858662545
2025-01-02 15:59:00,0.49791630129935394
2025-01-02 16:00:00,0.5077655521777465
2025-01-02 16:01:00,0.4627870831198946
2025-01-02 16:02:00,0.4547550048650356
2025-01-02 16:03:00,0.46786207380828987
2025-01-02 16:04:00,0.45976973750870537
2025-01-02 16:05:00,0.45968296386684476
2025-01-02 16:06:00,0.46549471458061753
2025-01-02 16:07:00,0.47120271788605056
2025-01-02 16:08:00,0.4772114722563477
2025-01-02 16:09:00,0.4780172749315645
2025-01-02 16:10:00,0.469109405437548
2025-01-02 16:11:00,0.455672639867473
2025-01-02 16:12:00,0.4556371458396417
2025-01-02 16:13:00,0.4677407968702421
2025-01-02 16:14:00,0.4680143590796042
2025-01-02 16:15:00,0.4587932491661975
2025-01-02 16:16:00,0.47431353602767257
2025-01-02 16:17:00,0.46866049234261187
2025-01-02 16:18:00,0.4696390060683366
2025-01-02 16:19:00,0.4856312422502297
2025-01-02 16:20:00,0.49473632134419726
2025-01-02 16:21:00,0.49601871700346634
2025-01-02 16:22:00,0.4954615848570716
2025-01-02 16:23:00,0.4695553193033192
2025-01-02 16:24:00,0.4690115285251469
2025-01-02 16:25:00,0.46650909538626395
2025-01-02 16:26:00,0.4618010809875659
2025-01-02 16:27:00,0.45120028307093835
2025-01-02 16:28:00,0.444684232950433
2025-01-02 16:29:00,0.44614028427448
2025-01-02 16:30:00,0.455336345266661
2025-01-02 16:31:00,0.45734946870754023
2025-01-02 16:32:00,0.4568383258551952
2025-01-02 16:33:00,0.46053005488680865
2025-01-02 16:34:00,0.44522440378549927
2025-01-02 16:35:00,0.43195416773507395
2025-01-02 16:36:00,0.4415245435380654
2025-01-02 16:37:00,0.43335259985266866
2025-01-02 16:38:00,0.4381623385679045
2025-01-02 16:39:00,0.4373229400787164
2025-01-02 16:40:00,0.4349130138412611
2025-01-02 16:41:00,0.43968411737366675
2025-01-02 16:42:00,0.44513814680025193
2025-01-02 16:43:00,0.44408445043691447
2025-01-02 16:44:00,0.44974709973700994
2025-01-02 16:45:00,0.4388526921656785
2025-01-02 16:46:00,0.4465096440408712
2025-01-02 16:47:00,0.44891538880724974
2025-01-02 16:48:00,0.45047356949819284
2025-01-02 16:49:00,0.4506181374825932
2025-01-02 16:50:00,0.4459402748494263
2025-01-02 16:51:00,0.44836523921404825
2025-01-02 16:52:00,0.44453636827352205
2025-01-02 16:53:00,0.43284191992032833
2025-01-02 16:54:00,0.4323240321065957
2025-01-02 16:55:00,0.43790856859316135
2025-01-02 16:56:00,0.4320027849192068
2025-01-02 16:57:00,0.43052089993336895
2025-01-02 16:58:00,0.4380550636761242
2025-01-02 16:59:00,0.4536316938706594
2025-01-02 17:00:00,0.46830044610263977
2025-01-02 17:01:00,0.48246449853636914
2025-01-02 17:02:00,0.49940219670904423
2025-01-02 17:03:00,0.45955406616598515
2025-01-02 17:04:00,0.4687879814917978
2025-01-02 17:05:00,0.4690524527464928
2025-01-02 17:06:00,0.47250271051093456
2025-01-02 17:07:00,0.4650314461408166
2025-01-02 17:08:00,0.4650103470387257
2025-01-02 17:09:00,0.4633612535148128
2025-01-02 17:10:00,0.4649111194895914
2025-01-02 17:11:00,0.47552289979772466
2025-01-02 17:12:00,0.4699558474734188
2025-01-02 17:13:00,0.4760929203190806
2025-01-02 17:14:00,0.47467734719703353
2025-01-02 17:15:00,0.47919170277302936
2025-01-02 17:16:00,0.4743931864554816
2025-01-02 17:17:00,0.47561854093474515
2025-01-02 17:18:00,0.4985568347887111
2025-01-02 17:19:00,0.5128380263123415
2025-01-02 17:20:00,0.49840461112698836
2025-01-02 17:21:00,0.4990655661631767
2025-01-02 17:22:00,0.5049056097697334
2025-01-02 17:23:00,0.47248250440391987
2025-01-02 17:24:00,0.4714376332108427
2025-01-02 17:25:00,0.47001128960347716
2025-01-02 17:26:00,0.4736094495315047
2025-01-02 17:27:00,0.4681416711274233
2025-01-02 17:28:00,0.4443770563089927
2025-01-02 17:29:00,0.4501460401599167
2025-01-02 17:30:00,0.44757249275473643
2025-01-02 17:31:00,0.45200181281491714
2025-01-02 17:32:00,0.45224617630403935
2025-01-02 17:33:00,0.43564691117094057
2025-01-02 17:34:00,0.4368500810412647
2025-01-02 17:35:00,0.4358014632701244
2025-01-02 17:36:00,0.4506452840776106
2025-01-02 17:37:00,0.4367670908405975
2025-01-02 17:38:00,0.45647582725666397
2025-01-02 17:39:00,0.4538816598955113
2025-01-02 17:40:00,0.4440553455085412
2025-01-02 17:41:00,0.4444056269771743
2025-01-02 17:42:00,0.46271115477071195
2025-01-02 17:43:00,0.4749889081303413
2025-01-02 17:44:00,0.48161923571350856
2025-01-02 17:45:00,0.47781475909959353
2025-01-02 17:46:00,0.44894767118472745
2025-01-02 17:47:00,0.4427327045675763
2025-01-02 17:48:00,0.4535256155396116
2025-01-02 17:49:00,0.4475071801225946
2025-01-02 17:50:00,0.44015002353386923
2025-01-02 17:51:00,0.4423673023797333
2025-01-02 17:52:00,0.45318809735365995
2025-01-02 17:53:00,0.47228137955325156
2025-01-02 17:54:00,0.469982419019408
2025-01-02 17:55:00,0.4638071699340798
2025-01-02 17:56:00,0.45380551941265823
2025-01-02 17:57:00,0.4492306056616711
2025-01-02 17:58:00,0.45833812811376146
2025-01-02 17:59:00,0.44744406076802157
2025-01-02 18:00:00,0.44427350870675053
2025-01-02 18:01:00,0.4395641532279645
2025-01-02 18:02:00,0.4457160533392671
2025-01-02 18:03:00,0.4434328591903266
2025-01-02 18:04:00,0.4528290597569788
2025-01-02 18:05:00,0.4510326663451412
2025-01-02 18:06:00,0.44128951601995814
2025-01-02 18:07:00,0.4567203430054547
2025-01-02 18:08:00,0.45513768445358327
2025-01-02 18:09:00,0.46302512570197574
2025-01-02 18:10:00,0.46882837126343196
2025-01-02 18:11:00,0.4679027137978431
2025-01-02 18:12:00,0.4601117290602501
2025-01-02 18:13:00,0.45728423182860567
2025-01-02 18:14:00,0.4522757195279637
2025-01-02 18:15:00,0.44831846706489453
2025-01-02 18:16:00,0.4475965698554299
2025-01-02 18:17:00,0.44370672974032216
2025-01-02 18:18:00,0.4447946609756703
2025-01-02 18:19:00,0.46153041474119283
2025-01-02 18:20:00,0.4606386816068913
2025-01-02 18:21:00,0.4563474177664048
2025-01-02 18:22:00,0.45895592513540706
2025-01-02 18:23:00,0.46749468835249786
2025-01-02 18:24:00,0.45777241699074617
2025-01-02 18:25:00,0.46216774128857563
2025-01-02 18:26:00,0.46015111329789743
2025-01-02 18:27:00,0.44541134719745684
2025-01-02 18:28:00,0.4369693813569635
2025-01-02 18:29:00,0.45016502897274635
2025-01-02 18:30:00,0.44828257324991133
2025-01-02 18:31:00,0.4417133265220558
2025-01-02 18:32:00,0.433451537966832
2025-01-02 18:33:00,0.4474431783493371
2025-01-02 18:34:00,0.44457729132858204
2025-01-02 18:35:00,0.4533493846078259
2025-01-02 18:36:00,0.46683749214701753
2025-01-02 18:37:00,0.463177554301967
2025-01-02 18:38:00,0.46320988272603714
2025-01-02 18:39:00,0.4651083151087945
2025-01-02 18:40:00,0.4594779701968088
2025-01-02 18:41:00,0.459380201706506
2025-01-02 18:42:00,0.4574711849126611
2025-01-02 18:43:00,0.45536060581884347
2025-01-02 18:44:00,0.4603566817484612
2025-01-02 18:45:00,0.45488174634276535
2025-01-02 18:46:00,0.45025017080485874
2025-01-02 18:47:00,0.44489752558019185
2025-01-02 18:48:00,0.4374436939094308
2025-01-02 18:49:00,0.4421809497188653
2025-01-02 18:50:00,0.45519186018035723
2025-01-02 18:51:00,0.4695858758086871
2025-01-02 18:52:00,0.44885627923849986
2025-01-02 18:53:00,0.44646678783424526
2025-01-02 18:54:00,0.45473643316747936
2025-01-02 18:55:00,0.45284115552507614
2025-01-02 18:56:00,0.45936591998779613
2025-01-02 18:57:00,0.44937004559492033
2025-01-02 18:58:00,0.45030815673586155
2025-01-02 18:59:00,0.4554678837250786
2025-01-02 19:00:00,0.4533922094263097
2025-01-02 19:01:00,0.4459961148788213
2025-01-02 19:02:00,0.46154233832596037
2025-01-02 19:03:00,0.4627397739196456
2025-01-02 19:04:00,0.48310417300533504
2025-01-02 19:05:00,0.48076138469117236
2025-01-02 19:06:00,0.47697573112848624
2025-01-02 19:07:00,0.4485338462667509
2025-01-02 19:08:00,0.43410857594687474
2025-01-02 19:09:00,0.4286021036010033
2025-01-02 19:10:00,0.42765223409355596
2025-01-02 19:11:00,0.42733320169619243
2025-01-02 19:12:00,0.44510395466203595
2025-01-02 19:13:00,0.44627497813086153
2025-01-02 19:14:00,0.4384196106851854
2025-01-02 19:15:00,0.4329715454435345
2025-01-02 19:16:00,0.4314466914618313
2025-01-02 19:17:00,0.45812432886072885
2025-01-02 19:18:00,0.49737897337164055
2025-01-02 19:19:00,0.4914827358607637
2025-01-02 19:20:00,0.48029086467773996
2025-01-02 19:21:00,0.4783128004053446
2025-01-02 19:22:00,0.5020826999758822
2025-01-02 19:23:00,0.47967236662897766
2025-01-02 19:24:00,0.4681602599239138
2025-01-02 19:25:00,0.46112800982040153
2025-01-02 19:26:00,0.452307643827622
2025-01-02 19:27:00,0.4503850709908069
2025-01-02 19:28:00,0.44585357186390123
2025-01-02 19:29:00,0.4458880667067657
2025-01-02 19:30:00,0.4320830278446473
2025-01-02 19:31:00,0.4485825769104001
2025-01-02 19:32:00,0.46542371200437466
2025-01-02 19:33:00,0.47250656678033326
2025-01-02 19:34:00,0.48336459715954183
2025-01-02 19:35:00,0.4867344378561986
2025-01-02 19:36:00,0.4697290130020924
2025-01-02 19:37:00,0.46606046890052877
2025-01-02 19:38:00,0.470362417071251
2025-01-02 19:39:00,0.4552625742072526
2025-01-02 19:40:00,0.4515185145864208
2025-01-02 19:41:00,0.446987563755973
2025-01-02 19:42:00,0.4476923646465738
2025-01-02 19:43:00,0.447835410528138
2025-01-02 19:44:00,0.43954949459208636
2025-01-02 19:45:00,0.4372667513102431
2025-01-02 19:46:00,0.4437456079088427
2025-01-02 19:47:00,0.4504315004604209
2025-01-02 19:48:00,0.4403512753554773
2025-01-02 19:49:00,0.4517232419527107
2025-01-02 19:50:00,0.443702154063364
2025-01-02 19:51:00,0.44174574446144627
2025-01-02 19:52:00,0.44250209419110426
2025-01-02 19:53:00,0.4465002382780844
2025-01-02 19:54:00,0.4513304675222857
2025-01-02 19:55:00,0.45843160757121576
2025-01-02 19:56:00,0.4898622784283978
2025-01-02 19:57:00,0.47659682743607096
2025-01-02 19:58:00,0.46429669903233994
2025-01-02 19:59:00,0.46235714202964745
2025-01-02 20:00:00,0.4584241481869235
2025-01-02 20:01:00,0.46628345214258976
2025-01-02 20:02:00,0.4839946047865678
2025-01-02 20:03:00,0.4786752550764058
2025-01-02 20:04:00,0.47538588052880326
2025-01-02 20:05:00,0.4700946531072561
2025-01-02 20:06:00,0.46828617872267236
2025-01-02 20:07:00,0.4537427774916335
2025-01-02 20:08:00,0.4606178702530412
2025-01-02 20:09:00,0.45227148769474246
2025-01-02 20:10:00,0.45279840915966907
2025-01-02 20:11:00,0.4611505457332971
2025-01-02 20:12:00,0.4744188978818815
2025-01-02 20:13:00,0.48651493977687416
2025-01-02 20:14:00,0.4930035412046843
2025-01-02 20:15:00,0.48952974568022367
2025-01-02 20:16:00,0.49271188145157835
2025-01-02 20:17:00,0.47286506445390036
2025-01-02 20:18:00,0.4636018901395417
2025-01-02 20:19:00,0.45771774096903656
2025-01-02 20:20:00,0.4641327906123159
2025-01-02 20:21:00,0.4643180843848994
2025-01-02 20:22:00,0.4894253387470001
2025-01-02 20:23:00,0.4896808005264543
2025-01-02 20:24:00,0.5191978994105726
2025-01-02 20:25:00,0.5029282483402312
2025-01-02 20:26:00,0.5172448569682548
2025-01-02 20:27:00,0.557817034696755
2025-01-02 20:28:00,0.548253707140532
2025-01-02 20:29:00,0.5473532820936684
2025-01-02 20:30:00,0.5425535404555719
2025-01-02 20:31:00,0.5128790213604046
2025-01-02 20:32:00,0.501619061083124
2025-01-02 20:33:00,0.49745047149149757
2025-01-02 20:34:00,0.5086295269848834
2025-01-02 20:35:00,0.5064618523501345
2025-01-02 20:36:00,0.4959177892336772
2025-01-02 20:37:00,0.47975321752697814
2025-01-02 20:38:00,0.48242840248269303
2025-01-02 20:39:00,0.4737800760116359
2025-01-02 20:40:00,0.4537564411037361
2025-01-02 20:41:00,0.43993494872658717
2025-01-02 20:42:00,0.4337991755545732
2025-01-02 20:43:00,0.436995580154464
2025-01-02 20:44:00,0.44347293386948855
2025-01-02 20:45:00,0.44481775084812053
2025-01-02 20:46:00,0.4430339454139574
2025-01-02 20:47:00,0.455409314554509
2025-01-02 20:48:00,0.44102638254891746
2025-01-02 20:49:00,0.44901610980541656
2025-01-02 20:50:00,0.45739672653892605
2025-01-02 20:51:00,0.4583357207329611
2025-01-02 20:52:00,0.4684049622573121
2025-01-02 20:53:00,0.46044173709835506
2025-01-02 20:54:00,0.4530626301606868
2025-01-02 20:55:00,0.4508891452452812
2025-01-02 20:56:00,0.45181437396343366
2025-01-02 20:57:00,0.4502071505070606
2025-01-02 20:58:00,0.44665983094022654
2025-01-02 20:59:00,0.4428204212825835
2025-01-02 21:00:00,0.4361890828670716
2025-01-02 21:01:00,0.4387012745491159
2025-01-02 21:02:00,0.43673011655607513
2025-01-02 21:03:00,0.4355154117502326
2025-01-02 21:04:00,0.45909427289326665
2025-01-02 21:05:00,0.46622650075170974
2025-01-02 21:06:00,0.4727508761692443
2025-01-02 21:07:00,0.46629252176015523
2025-01-02 21:08:00,0.4700297761967225
2025-01-02 21:09:00,0.46423996575358095
2025-01-02 21:10:00,0.46756663852718666
2025-01-02 21:11:00,0.4708240574948257
2025-01-02 21:12:00,0.46309532901826667
2025-01-02 21:13:00,0.4626014868251381
2025-01-02 21:14:00,0.46351509421059855
2025-01-02 21:15:00,0.45436513131275635
2025-01-02 21:16:00,0.4513972347948239
2025-01-02 21:17:00,0.47751909014014154
2025-01-02 21:18:00,0.4839487491825064
2025-01-02 21:19:00,0.4952701426568028
2025-01-02 21:20:00,0.4555999332234217
2025-01-02 21:21:00,0.44914474585012243
2025-01-02 21:22:00,0.4669822148620878
2025-01-02 21:23:00,0.46708971137612715
2025-01-02 21:24:00,0.4878870075755505
2025-01-02 21:25:00,0.46220738109186715
2025-01-02 21:26:00,0.4702611908101363
2025-01-02 21:27:00,0.47419720841804724
2025-01-02 21:28:00,0.454995959125679
2025-01-02 21:29:00,0.4459092613826893
2025-01-02 21:30:00,0.4486505272930156
2025-01-02 21:31:00,0.4503436374431151
2025-01-02 21:32:00,0.4541263715319121
2025-01-02 21:33:00,0.4501602634014484
2025-01-02 21:34:00,0.44718404448985316
2025-01-02 21:35:00,0.45252010984354135
2025-01-02 21:36:00,0.4665449454935572
2025-01-02 21:37:00,0.46690400606904314
2025-01-02 21:38:00,0.47236083507330023
2025-01-02 21:39:00,0.47506993126907404
2025-01-02 21:40:00,0.4487841590101271
2025-01-02 21:41:00,0.4436372480860761
2025-01-02 21:42:00,0.44987903673423824
2025-01-02 21:43:00,0.44879579232564043
2025-01-02 21:44:00,0.4442923453309773
2025-01-02 21:45:00,0.44097868310489624
2025-01-02 21:46:00,0.42824745162386896
2025-01-02 21:47:00,0.4975683988849927
2025-01-02 21:48:00,0.4971553438120539
2025-01-02 21:49:00,0.496603668552858
2025-01-02 21:50:00,0.49795024039249175
2025-01-02 21:51:00,0.49482783165702804
2025-01-02 21:52:00,0.5110160954663355
2025-01-02 21:53:00,0.5304759987819164
2025-01-02 21:54:00,0.5297387643927182
2025-01-02 21:55:00,0.5229819658021141
2025-01-02 21:56:00,0.5095983723243206
2025-01-02 21:57:00,0.5043707533260682
2025-01-02 21:58:00,0.514082483349363
2025-01-02 21:59:00,0.5113024484776941
2025-01-02 22:00:00,0.5112185101536807
2025-01-02 22:01:00,0.5175895276571442
2025-01-02 22:02:00,0.5162733854195151
2025-01-02 22:03:00,0.5100675437641291
2025-01-02 22:04:00,0.5045752017961803
2025-01-02 22:05:00,0.5073535818659022
2025-01-02 22:06:00,0.5078583170233716
2025-01-02 22:07:00,0.46331442895018493
2025-01-02 22:08:00,0.47088031810776293
2025-01-02 22:09:00,0.46916608621104877
2025-01-02 22:10:00,0.42772455022495376
2025-01-02 22:11:00,0.4383171129532771
2025-01-02 22:12:00,0.4417518025599886
2025-01-02 22:13:00,0.4402439187452917
2025-01-02 22:14:00,0.44303007097776753
2025-01-02 22:15:00,0.452143437503674
2025-01-02 22:16:00,0.4492176147969008
2025-01-02 22:17:00,0.4463275701458894
2025-01-02 22:18:00,0.4439241111571209
2025-01-02 22:19:00,0.4429474391556862
2025-01-02 22:20:00,0.4524481945106753
2025-01-02 22:21:00,0.4365968490691562
2025-01-02 22:22:00,0.4529235225533709
2025-01-02 22:23:00,0.46643430230850386
2025-01-02 22:24:00,0.45247777212702484
2025-01-02 22:25:00,0.4410064161985388
2025-01-02 22:26:00,0.4500550922926622
2025-01-02 22:27:00,0.45618299473028073
2025-01-02 22:28:00,0.45719617093964154
2025-01-02 22:29:00,0.4625968232524643
2025-01-02 22:30:00,0.4840942787797791
2025-01-02 22:31:00,0.5226647596332114
2025-01-02 22:32:00,0.5172852109567019
2025-01-02 22:33:00,0.5134216129414647
2025-01-02 22:34:00,0.5219089745424513
2025-01-02 22:35:00,0.5212872999318425
2025-01-02 22:36:00,0.5010807897041577
2025-01-02 22:37:00,0.5018608849897714
2025-01-02 22:38:00,0.5056647563853924
2025-01-02 22:39:00,0.49863762806073664
2025-01-02 22:40:00,0.49749129049504726
2025-01-02 22:41:00,0.47187530079305706
2025-01-02 22:42:00,0.46516566439532103
2025-01-02 22:43:00,0.46349385362089685
2025-01-02 22:44:00,0.4534484074460834
2025-01-02 22:45:00,0.4530699051978479
2025-01-02 22:46:00,0.43143824347056614
2025-01-02 22:47:00,0.42664909715694965
2025-01-02 22:48:00,0.42453088642146064
2025-01-02 22:49:00,0.4408225767769884
2025-01-02 22:50:00,0.4598468878381783
2025-01-02 22:51:00,0.4380670442764823
2025-01-02 22:52:00,0.4317590518366229
2025-01-02 22:53:00,0.44734706964913706
2025-01-02 22:54:00,0.43775889674126967
2025-01-02 22:55:00,0.4669153681668539
2025-01-02 22:56:00,0.46557457441274264
2025-01-02 22:57:00,0.4608495626100427
2025-01-02 22:58:00,0.44201213054068944
2025-01-02 22:59:00,0.4594853242270332
2025-01-02 23:00:00,0.44497921736196616
2025-01-02 23:01:00,0.4497106972494298
2025-01-02 23:02:00,0.4472520234833912
2025-01-02 23:03:00,0.45362483200556136
2025-01-02 23:04:00,0.45336816988880363
2025-01-02 23:05:00,0.47005520241956333
2025-01-02 23:06:00,0.45688038051943525
2025-01-02 23:07:00,0.4336285205749525
2025-01-02 23:08:00,0.44104963763496496
2025-01-02 23:09:00,0.4637467289932064
2025-01-02 23:10:00,0.4742671644464221
2025-01-02 23:11:00,0.455479878082651
2025-01-02 23:12:00,0.4593781468530483
2025-01-02 23:13:00,0.49520728557410737
2025-01-02 23:14:00,0.47932463486117716
2025-01-02 23:15:00,0.47299417229674884
2025-01-02 23:16:00,0.47245081682929907
2025-01-02 23:17:00,0.4680314944262732
2025-01-02 23:18:00,0.4689070465678612
2025-01-02 23:19:00,0.4637903580226643
2025-01-02 23:20:00,0.47516526873982123
2025-01-02 23:21:00,0.46214304028559783
2025-01-02 23:22:00,0.4600153138466897
2025-01-02 23:23:00,0.5053401575749655
2025-01-02 23:24:00,0.5557392388979459
2025-01-02 23:25:00,0.5466737898644027
2025-01-02 23:26:00,0.48507309947884486
2025-01-02 23:27:00,0.4736785076554668
2025-01-02 23:28:00,0.4544719104418515
2025-01-02 23:29:00,0.43598567537135274
2025-01-02 23:30:00,0.4580807070700544
2025-01-02 23:31:00,0.45179398244100993
2025-01-02 23:32:00,0.45719106172289276
2025-01-02 23:33:00,0.45164354751558894
2025-01-02 23:34:00,0.45001631494094496
2025-01-02 23:35:00,0.46876797491792005
2025-01-02 23:36:00,0.46552562449536833
2025-01-02 23:37:00,0.5186513927788141
2025-01-02 23:38:00,0.4689302497450052
2025-01-02 23:39:00,0.4670077490830971
2025-01-02 23:40:00,0.48491494075638863
2025-01-02 23:41:00,0.46322259961850526
2025-01-02 23:42:00,0.45927325841930344
2025-01-02 23:43:00,0.4735111665333601
2025-01-02 23:44:00,0.46549191640760995
2025-01-02 23:45:00,0.43417843048201815
2025-01-02 23:46:00,0.43297326607688347
2025-01-02 23:47:00,0.44261426588349206
2025-01-02 23:48:00,0.44517826356950396
2025-01-02 23:49:00,0.45500012659722955
2025-01-02 23:50:00,0.458033098106029
2025-01-02 23:51:00,0.4799726501887299
2025-01-02 23:52:00,0.4520819723992751
2025-01-02 23:53:00,0.46905407444570485
2025-01-02 23:54:00,0.46520850873461367
2025-01-02 23:55:00,0.4745311634539178
2025-01-02 23:56:00,0.4722662512766703
2025-01-02 23:57:00,0.4736894097512279
2025-01-02 23:58:00,0.44039447183751057
2025-01-02 23:59:00,0.4646850090603919
